age_years,BMI,ap_hi,ap_lo,cholesterol,gluc,smoke,alco,active,gender,probability,risk_level
50.0,40.0,200.0,150.0,2,3,1,1,0,2,93.51,Élevé
25.0,22.145328719723185,115.0,75.0,1,1,0,0,1,1,5.460000038146973,Faible
25.0,22.145328719723185,115.0,75.0,1,1,0,0,1,1,5.460000038146973,Faible
25.0,22.145328719723185,115.0,75.0,1,1,0,0,1,1,5.460000038146973,Faible
